{
  "version": 2,
  "env": {
    "DATABASE_HOST": "ec2-54-159-175-38.compute-1.amazonaws.com",
    "DATABASE_PORT5": "5432",
    "DATABASE_USERNAME": "ipkkjhuyzyvcqy",
    "DATABASE_PASSWORD": "db62113fe6ff0bc43b93139eb609dde4dcc38697aefa4f7ee63671f8c0ffe56f",
    "DATABASE_NAME": "d2eceo8e8ubsr2",
    "ONESIGNAL_APP_ID": "8bfd3f1f-cde7-44cd-9166-7ceb6218eaeb",
    "ONESIGNAL_APP_API_KEY": "ZmQ3M2FhMDctZmI0MS00NjUzLWFjMTAtZmM3NGI0NWRkZTY0",
    "NODE_ENV": "production",
    "AWS_ACCESS_KEY_ID": "AKIAYPZ3UGTE6NNBHZXD",
    "AWS_SECRET_ACCESS_KEY": "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",
    "AWS_DEFAULT_REGION": "us-west-1",
    "AWS_BUCKET": "kaliconnect-buck",
    "AWS_URL": "https://kaliconnect-buck.s3.amazonaws.com",
    "AWS_ENDPOINT": "https://s3.us-west-1.amazonaws.com",
    "UPLOAD_RATE_TTL": "60",
    "UPLOAD_RATE_LIMIT": "13"
  },
  "builds": [
    {
      "src": "src/main.ts",
      "use": "@vercel/node"
    }
  ],
  "routes": [
    {
      "src": "/(.*)",
      "dest": "src/main.ts",
      "methods": ["GET", "POST", "PUT", "DELETE"]
    }
  ]
}
