{
  "project_info": {
    "project_number": "280473032782",
    "project_id": "kali-fe781",
    "storage_bucket": "kali-fe781.appspot.com"
  },
  "client": [
    {
      "client_info": {
        "mobilesdk_app_id": "1:280473032782:android:a6a815882435ad16270b1f",
        "android_client_info": {
          "package_name": "com.kaliapp.app"
        }
      },
      "oauth_client": [
        {
          "client_id": "280473032782-oj80qq93n0bar33l7m157q0obeotg62b.apps.googleusercontent.com",
          "client_type": 3
        }
      ],
      "api_key": [
        {
          "current_key": "AIzaSyD3ihNV1AY-PP_1yyWKlAgaNPhcgqoHa70"
        }
      ],
      "services": {
        "appinvite_service": {
          "other_platform_oauth_client": [
            {
              "client_id": "280473032782-oj80qq93n0bar33l7m157q0obeotg62b.apps.googleusercontent.com",
              "client_type": 3
            },
            {
              "client_id": "280473032782-55hphkhs2n4fc789cknp06q93n8rvuia.apps.googleusercontent.com",
              "client_type": 2,
              "ios_info": {
                "bundle_id": "com.sissa.kali"
              }
            }
          ]
        }
      }
    },
    {
      "client_info": {
        "mobilesdk_app_id": "1:280473032782:android:0f9f58c0f9525a63270b1f",
        "android_client_info": {
          "package_name": "com.sissa.trabli"
        }
      },
      "oauth_client": [
        {
          "client_id": "280473032782-oj80qq93n0bar33l7m157q0obeotg62b.apps.googleusercontent.com",
          "client_type": 3
        }
      ],
      "api_key": [
        {
          "current_key": "AIzaSyD3ihNV1AY-PP_1yyWKlAgaNPhcgqoHa70"
        }
      ],
      "services": {
        "appinvite_service": {
          "other_platform_oauth_client": [
            {
              "client_id": "280473032782-oj80qq93n0bar33l7m157q0obeotg62b.apps.googleusercontent.com",
              "client_type": 3
            },
            {
              "client_id": "280473032782-55hphkhs2n4fc789cknp06q93n8rvuia.apps.googleusercontent.com",
              "client_type": 2,
              "ios_info": {
                "bundle_id": "com.sissa.kali"
              }
            }
          ]
        }
      }
    },
    {
      "client_info": {
        "mobilesdk_app_id": "1:280473032782:android:925c9936a99c02ad270b1f",
        "android_client_info": {
          "package_name": "com.sissa.trablisa"
        }
      },
      "oauth_client": [
        {
          "client_id": "280473032782-oj80qq93n0bar33l7m157q0obeotg62b.apps.googleusercontent.com",
          "client_type": 3
        }
      ],
      "api_key": [
        {
          "current_key": "AIzaSyD3ihNV1AY-PP_1yyWKlAgaNPhcgqoHa70"
        }
      ],
      "services": {
        "appinvite_service": {
          "other_platform_oauth_client": [
            {
              "client_id": "280473032782-oj80qq93n0bar33l7m157q0obeotg62b.apps.googleusercontent.com",
              "client_type": 3
            },
            {
              "client_id": "280473032782-55hphkhs2n4fc789cknp06q93n8rvuia.apps.googleusercontent.com",
              "client_type": 2,
              "ios_info": {
                "bundle_id": "com.sissa.kali"
              }
            }
          ]
        }
      }
    },
    {
      "client_info": {
        "mobilesdk_app_id": "1:280473032782:android:f7fa0990348a52e7270b1f",
        "android_client_info": {
          "package_name": "com.trablisa.app"
        }
      },
      "oauth_client": [
        {
          "client_id": "280473032782-oj80qq93n0bar33l7m157q0obeotg62b.apps.googleusercontent.com",
          "client_type": 3
        }
      ],
      "api_key": [
        {
          "current_key": "AIzaSyD3ihNV1AY-PP_1yyWKlAgaNPhcgqoHa70"
        }
      ],
      "services": {
        "appinvite_service": {
          "other_platform_oauth_client": [
            {
              "client_id": "280473032782-oj80qq93n0bar33l7m157q0obeotg62b.apps.googleusercontent.com",
              "client_type": 3
            },
            {
              "client_id": "280473032782-55hphkhs2n4fc789cknp06q93n8rvuia.apps.googleusercontent.com",
              "client_type": 2,
              "ios_info": {
                "bundle_id": "com.sissa.kali"
              }
            }
          ]
        }
      }
    }
  ],
  "configuration_version": "1"
}